bar,beat,time_s,frame
1,1,0.0,1
1,2,0.426,11
1,3,0.851,21
1,4,1.277,32
2,1,1.702,42
2,2,2.128,52
2,3,2.553,62
2,4,2.979,72
3,1,3.404,83
3,2,3.83,93
3,3,4.255,103
3,4,4.681,113
4,1,5.106,124
4,2,5.532,134
4,3,5.957,144
4,4,6.383,154
5,1,6.809,164
5,2,7.234,175
5,3,7.66,185
5,4,8.085,195
6,1,8.511,205
6,2,8.936,215
6,3,9.362,226
6,4,9.787,236
7,1,10.213,246
7,2,10.638,256
7,3,11.064,267
7,4,11.489,277
8,1,11.915,287
8,2,12.34,297
8,3,12.766,307
8,4,13.191,318
9,1,13.617,328
9,2,14.043,338
9,3,14.468,348
9,4,14.894,358
10,1,15.319,369
10,2,15.745,379
10,3,16.17,389
10,4,16.596,399
11,1,17.021,410
11,2,17.447,420
11,3,17.872,430
11,4,18.298,440
12,1,18.723,450
12,2,19.149,461
12,3,19.574,471
12,4,20.0,481
13,1,20.426,491
13,2,20.851,501
13,3,21.277,512
13,4,21.702,522
14,1,22.128,532
14,2,22.553,542
14,3,22.979,552
14,4,23.404,563
15,1,23.83,573
15,2,24.255,583
15,3,24.681,593
15,4,25.106,604
16,1,25.532,614
16,2,25.957,624
16,3,26.383,634
16,4,26.809,644
17,1,27.234,655
17,2,27.66,665
17,3,28.085,675
17,4,28.511,685
18,1,28.936,695
18,2,29.362,706
18,3,29.787,716
18,4,30.213,726
19,1,30.638,736
19,2,31.064,747
19,3,31.489,757
19,4,31.915,767
20,1,32.34,777
20,2,32.766,787
20,3,33.191,798
20,4,33.617,808
21,1,34.043,818
21,2,34.468,828
21,3,34.894,838
21,4,35.319,849
22,1,35.745,859
22,2,36.17,869
22,3,36.596,879
22,4,37.021,890
23,1,37.447,900
23,2,37.872,910
23,3,38.298,920
23,4,38.723,930
24,1,39.149,941
24,2,39.574,951
24,3,40.0,961
24,4,40.426,971
25,1,40.851,981
25,2,41.277,992
25,3,41.702,1002
25,4,42.128,1012
26,1,42.553,1022
26,2,42.979,1032
26,3,43.404,1043
26,4,43.83,1053
27,1,44.255,1063
27,2,44.681,1073
27,3,45.106,1084
27,4,45.532,1094
28,1,45.957,1104
28,2,46.383,1114
28,3,46.809,1124
28,4,47.234,1135
29,1,47.66,1145
29,2,48.085,1155
29,3,48.511,1165
29,4,48.936,1175
30,1,49.362,1186
30,2,49.787,1196
30,3,50.213,1206
30,4,50.638,1216
31,1,51.064,1227
31,2,51.489,1237
31,3,51.915,1247
31,4,52.34,1257
32,1,52.766,1267
32,2,53.191,1278
32,3,53.617,1288
32,4,54.043,1298
33,1,54.468,1308
33,2,54.894,1318
33,3,55.319,1329
33,4,55.745,1339
34,1,56.17,1349
34,2,56.596,1359
34,3,57.021,1370
34,4,57.447,1380
35,1,57.872,1390
35,2,58.298,1400
35,3,58.723,1410
35,4,59.149,1421
36,1,59.574,1431
36,2,60.0,1441
36,3,60.426,1451
36,4,60.851,1461
37,1,61.277,1472
37,2,61.702,1482
37,3,62.128,1492
37,4,62.553,1502
38,1,62.979,1512
38,2,63.404,1523
38,3,63.83,1533
38,4,64.255,1543
39,1,64.681,1553
39,2,65.106,1564
39,3,65.532,1574
39,4,65.957,1584
40,1,66.383,1594
40,2,66.809,1604
40,3,67.234,1615
40,4,67.66,1625
41,1,68.085,1635
41,2,68.511,1645
41,3,68.936,1655
41,4,69.362,1666
42,1,69.787,1676
42,2,70.213,1686
42,3,70.638,1696
42,4,71.064,1707
43,1,71.489,1717
43,2,71.915,1727
43,3,72.34,1737
43,4,72.766,1747
44,1,73.191,1758
44,2,73.617,1768
44,3,74.043,1778
44,4,74.468,1788
45,1,74.894,1798
45,2,75.319,1809
45,3,75.745,1819
45,4,76.17,1829
46,1,76.596,1839
46,2,77.021,1850
46,3,77.447,1860
46,4,77.872,1870
47,1,78.298,1880
47,2,78.723,1890
47,3,79.149,1901
47,4,79.574,1911
48,1,80.0,1921
48,2,80.426,1931
48,3,80.851,1941
48,4,81.277,1952
49,1,81.702,1962
49,2,82.128,1972
49,3,82.553,1982
49,4,82.979,1992
50,1,83.404,2003
50,2,83.83,2013
50,3,84.255,2023
50,4,84.681,2033
51,1,85.106,2044
51,2,85.532,2054
51,3,85.957,2064
51,4,86.383,2074
52,1,86.809,2084
52,2,87.234,2095
52,3,87.66,2105
52,4,88.085,2115
53,1,88.511,2125
53,2,88.936,2135
53,3,89.362,2146
53,4,89.787,2156
54,1,90.213,2166
54,2,90.638,2176
54,3,91.064,2187
54,4,91.489,2197
55,1,91.915,2207
55,2,92.34,2217
55,3,92.766,2227
55,4,93.191,2238
56,1,93.617,2248
56,2,94.043,2258
56,3,94.468,2268
56,4,94.894,2278
57,1,95.319,2289
57,2,95.745,2299
57,3,96.17,2309
57,4,96.596,2319
58,1,97.021,2330
58,2,97.447,2340
58,3,97.872,2350
58,4,98.298,2360
59,1,98.723,2370
59,2,99.149,2381
59,3,99.574,2391
59,4,100.0,2401
60,1,100.426,2411
60,2,100.851,2421
60,3,101.277,2432
60,4,101.702,2442
61,1,102.128,2452
61,2,102.553,2462
61,3,102.979,2472
61,4,103.404,2483
62,1,103.83,2493
62,2,104.255,2503
62,3,104.681,2513
62,4,105.106,2524
63,1,105.532,2534
63,2,105.957,2544
63,3,106.383,2554
63,4,106.809,2564
64,1,107.234,2575
64,2,107.66,2585
64,3,108.085,2595
64,4,108.511,2605
65,1,108.936,2615
65,2,109.362,2626
65,3,109.787,2636
65,4,110.213,2646
66,1,110.638,2656
66,2,111.064,2667
66,3,111.489,2677
66,4,111.915,2687
67,1,112.34,2697
67,2,112.766,2707
67,3,113.191,2718
67,4,113.617,2728
68,1,114.043,2738
68,2,114.468,2748
68,3,114.894,2758
68,4,115.319,2769
69,1,115.745,2779
69,2,116.17,2789
69,3,116.596,2799
69,4,117.021,2810
70,1,117.447,2820
70,2,117.872,2830
70,3,118.298,2840
70,4,118.723,2850
71,1,119.149,2861
71,2,119.574,2871
71,3,120.0,2881
71,4,120.426,2891
72,1,120.851,2901
72,2,121.277,2912
72,3,121.702,2922
72,4,122.128,2932
73,1,122.553,2942
73,2,122.979,2952
73,3,123.404,2963
73,4,123.83,2973
74,1,124.255,2983
74,2,124.681,2993
74,3,125.106,3004
74,4,125.532,3014
75,1,125.957,3024
75,2,126.383,3034
75,3,126.809,3044
75,4,127.234,3055
76,1,127.66,3065
76,2,128.085,3075
76,3,128.511,3085
76,4,128.936,3095
77,1,129.362,3106
77,2,129.787,3116
77,3,130.213,3126
77,4,130.638,3136
78,1,131.064,3147
78,2,131.489,3157
78,3,131.915,3167
78,4,132.34,3177
79,1,132.766,3187
79,2,133.191,3198
79,3,133.617,3208
79,4,134.043,3218
80,1,134.468,3228
80,2,134.894,3238
80,3,135.319,3249
80,4,135.745,3259
81,1,136.17,3269
81,2,136.596,3279
81,3,137.021,3290
81,4,137.447,3300
82,1,137.872,3310
82,2,138.298,3320
82,3,138.723,3330
82,4,139.149,3341
83,1,139.574,3351
83,2,140.0,3361
83,3,140.426,3371
83,4,140.851,3381
84,1,141.277,3392
84,2,141.702,3402
84,3,142.128,3412
84,4,142.553,3422
85,1,142.979,3432
85,2,143.404,3443
85,3,143.83,3453
85,4,144.255,3463
86,1,144.681,3473
86,2,145.106,3484
86,3,145.532,3494
86,4,145.957,3504
87,1,146.383,3514
87,2,146.809,3524
87,3,147.234,3535
87,4,147.66,3545
88,1,148.085,3555
88,2,148.511,3565
88,3,148.936,3575
88,4,149.362,3586
89,1,149.787,3596
89,2,150.213,3606
89,3,150.638,3616
89,4,151.064,3627
90,1,151.489,3637
90,2,151.915,3647
90,3,152.34,3657
90,4,152.766,3667
91,1,153.191,3678
91,2,153.617,3688
91,3,154.043,3698
91,4,154.468,3708
92,1,154.894,3718
92,2,155.319,3729
92,3,155.745,3739
92,4,156.17,3749
93,1,156.596,3759
93,2,157.021,3770
93,3,157.447,3780
93,4,157.872,3790
94,1,158.298,3800
94,2,158.723,3810
94,3,159.149,3821
94,4,159.574,3831
95,1,160.0,3841
95,2,160.426,3851
95,3,160.851,3861
95,4,161.277,3872
96,1,161.702,3882
96,2,162.128,3892
96,3,162.553,3902
96,4,162.979,3912
97,1,163.404,3923
97,2,163.83,3933
97,3,164.255,3943
97,4,164.681,3953
98,1,165.106,3964
98,2,165.532,3974
98,3,165.957,3984
98,4,166.383,3994
99,1,166.809,4004
99,2,167.234,4015
99,3,167.66,4025
99,4,168.085,4035
100,1,168.511,4045
100,2,168.936,4055
100,3,169.362,4066
100,4,169.787,4076
101,1,170.213,4086
101,2,170.638,4096
101,3,171.064,4107
101,4,171.489,4117
102,1,171.915,4127
102,2,172.34,4137
102,3,172.766,4147
102,4,173.191,4158
103,1,173.617,4168
103,2,174.043,4178
103,3,174.468,4188
103,4,174.894,4198
104,1,175.319,4209
104,2,175.745,4219
104,3,176.17,4229
104,4,176.596,4239
105,1,177.021,4250
105,2,177.447,4260
105,3,177.872,4270
105,4,178.298,4280
106,1,178.723,4290
106,2,179.149,4301
106,3,179.574,4311
106,4,180.0,4321
107,1,180.426,4331
107,2,180.851,4341
107,3,181.277,4352
107,4,181.702,4362
108,1,182.128,4372
108,2,182.553,4382
108,3,182.979,4392
108,4,183.404,4403
109,1,183.83,4413
109,2,184.255,4423
109,3,184.681,4433
109,4,185.106,4444
110,1,185.532,4454
110,2,185.957,4464
110,3,186.383,4474
110,4,186.809,4484
111,1,187.234,4495
111,2,187.66,4505
111,3,188.085,4515
111,4,188.511,4525
112,1,188.936,4535
112,2,189.362,4546
112,3,189.787,4556
112,4,190.213,4566
113,1,190.638,4576
113,2,191.064,4587
113,3,191.489,4597
113,4,191.915,4607
114,1,192.34,4617
114,2,192.766,4627
114,3,193.191,4638
114,4,193.617,4648
115,1,194.043,4658
115,2,194.468,4668
115,3,194.894,4678
115,4,195.319,4689
116,1,195.745,4699
116,2,196.17,4709
116,3,196.596,4719
116,4,197.021,4730
117,1,197.447,4740
117,2,197.872,4750
117,3,198.298,4760
117,4,198.723,4770
118,1,199.149,4781
118,2,199.574,4791
118,3,200.0,4801
118,4,200.426,4811
119,1,200.851,4821
119,2,201.277,4832
119,3,201.702,4842
119,4,202.128,4852
120,1,202.553,4862
120,2,202.979,4872
120,3,203.404,4883
120,4,203.83,4893
121,1,204.255,4903
121,2,204.681,4913
121,3,205.106,4924
121,4,205.532,4934
122,1,205.957,4944
122,2,206.383,4954
122,3,206.809,4964
122,4,207.234,4975
123,1,207.66,4985
123,2,208.085,4995
123,3,208.511,5005
123,4,208.936,5015
124,1,209.362,5026
124,2,209.787,5036
124,3,210.213,5046
124,4,210.638,5056
125,1,211.064,5067
125,2,211.489,5077
125,3,211.915,5087
125,4,212.34,5097
126,1,212.766,5107
126,2,213.191,5118
126,3,213.617,5128
126,4,214.043,5138
127,1,214.468,5148
127,2,214.894,5158
127,3,215.319,5169
127,4,215.745,5179
128,1,216.17,5189
128,2,216.596,5199
128,3,217.021,5210
128,4,217.447,5220
129,1,217.872,5230
129,2,218.298,5240
129,3,218.723,5250
129,4,219.149,5261
130,1,219.574,5271
130,2,220.0,5281
130,3,220.426,5291
130,4,220.851,5301
131,1,221.277,5312
131,2,221.702,5322
131,3,222.128,5332
131,4,222.553,5342
132,1,222.979,5352
132,2,223.404,5363
132,3,223.83,5373
132,4,224.255,5383
133,1,224.681,5393
133,2,225.106,5404
133,3,225.532,5414
133,4,225.957,5424
134,1,226.383,5434
134,2,226.809,5444
134,3,227.234,5455
134,4,227.66,5465
135,1,228.085,5475
135,2,228.511,5485
135,3,228.936,5495
135,4,229.362,5506
136,1,229.787,5516
136,2,230.213,5526
136,3,230.638,5536
136,4,231.064,5547
137,1,231.489,5557
137,2,231.915,5567
137,3,232.34,5577
137,4,232.766,5587
138,1,233.191,5598
138,2,233.617,5608
138,3,234.043,5618
138,4,234.468,5628
139,1,234.894,5638
139,2,235.319,5649
139,3,235.745,5659
139,4,236.17,5669
140,1,236.596,5679
140,2,237.021,5690
140,3,237.447,5700
140,4,237.872,5710
141,1,238.298,5720
141,2,238.723,5730
141,3,239.149,5741
141,4,239.574,5751
142,1,240.0,5761
142,2,240.426,5771
142,3,240.851,5781
142,4,241.277,5792
143,1,241.702,5802
143,2,242.128,5812
143,3,242.553,5822
143,4,242.979,5832
144,1,243.404,5843
144,2,243.83,5853
144,3,244.255,5863
144,4,244.681,5873
145,1,245.106,5884
145,2,245.532,5894
145,3,245.957,5904
145,4,246.383,5914
146,1,246.809,5924
146,2,247.234,5935
146,3,247.66,5945
146,4,248.085,5955
147,1,248.511,5965
147,2,248.936,5975
147,3,249.362,5986
147,4,249.787,5996
148,1,250.213,6006
148,2,250.638,6016
148,3,251.064,6027
148,4,251.489,6037
149,1,251.915,6047
149,2,252.34,6057
149,3,252.766,6067
149,4,253.191,6078
150,1,253.617,6088
150,2,254.043,6098
150,3,254.468,6108
150,4,254.894,6118
